Relative humidity;Steady-state PCO rate
%;mmol min-1
13.07834356;0.445832993
19.16464286;0.472602225
25.71852941;0.471668121
32;0.453692703
37.34595238;0.438176265
44.036;0.421
50.62290323;0.386473654
56.78692308;0.355684728
63.85318182;0.322528792
71.52586207;0.285521641
77.94363636;0.240868245
