Relative humidity;Oxidation rate
%;umol/min
83.3363636363636;0.0578318382714028
78.4903846153846;0.0611238780214983
76.3265384615384;0.0628920663501937
76.0076923076923;0.0634928213837508
63.6224242424242;0.0667796093195831
63.1555555555555;0.066458849940369
49.1656521739131;0.068115345041274
35.42675;0.0696700428329787
21.4645454545454;0.066549039668249
12.0907407407407;0.0587846074098325
