Outlet acetone concentration;Steady-state PCO rate
umol/L;umol/min
0;0
0.209951505974791;0.0772940800068595
0.265837289245376;0.0907205063567414
0.434283141968524;0.113431228970008
0.468134446445136;0.118049358382246
0.801890653134719;0.149187757930012
0.824455721067278;0.152425655726524
1.32976521759465;0.189174922700569
1.35261272075808;0.193076588210992
3.15848884159983;0.26463619159346
3.32869536749059;0.270346615876394
7.1356;0.33217
14.7189;0.348471666666667
23.75;0.352330692330078
